Full Name,,,Age,Experience,Yearly Income,Has children,License states,Expiration date,License number
Austine Larive,+12512412111,alariblinklist.com,89,62,79.96,false,,07/18/2020,reciprocal
Stephanus D'Ruel,Stephanus,sdrueld@desdev.cn,27,47,98.47,true,Viana do Castelo,04/26/2021,impactful
Clevey Adrienne,Clevey,cadriennee@cbslocal.com,79,80,,true,,01/05/2021,solution-oriented
Wanda Wethered,Wanda,wwetheredf@spiegel.de,87,98,49.39,false,,,Multi-tiered
Willey Picton,Willey,wpictong@cnbc.com,21,47,as,true,,08/08/2020,leverage
Linnet Liepmann,Linnet,lliepmannh@blogtalkradio.com,46,68,94.25,true,,07/02/2020,strategy
Manuel Bruhnke,Manuel,mbruhnkei@digg.com,34,63,,true,,01/23/2021,24/7
Collin Veivers,12512412111,cveiversj@wix.com,71,29,-20.32,false,,09/05/2020,5th generation
Terrye Karpe,Terrye,tkarpek@themeforest.net,74,18,95.69,false,,01/21/2021,needsa

Portie Althorpe,Portie,palthorpel@washingtonpost.com,31,54,27.61,,,10/11/2020,Distributed
Laura Crighten,Laura,lcrightenm@exblog.jp,34,87,3.39,false,,09/09/2020,fresh-thinking
Joann Teas,Joann,jteasn@ehow.com,51,90,90.21,true,,11/29/2020,Managed
Guillermo Hurburt,Guillermo,ghurburto@over-blog.com,74,25,34.94,true,,,Persistent

